# Title: Install User Generated Content,,,,,,,,,
"# Description: This option first creates comments, reviews and ratings on product/article pages for the main we.Retail site",,,,,,,,,
# Making room for the future Community Site on publish,,,,,,,,,
SlingDelete,/content/we-retail/community,,,,,,,,
# Creating privileged member group for We.Retail,,,,,,,,,
SlingPost,/libs/granite/security/post/authorizables.html,authorizableId,weretail-privileged-members,./profile/givenName,WeRetail Privileged Members,aboutMe,Privileged Members for WeRetail Communities Site,createGroup,1
GroupMembers,weretail-privileged-members,addMembers,aaron.mcdonald@mailinator.com,,,,,,
# Blackcomb Gloves Women,,,,,,,,,
Reviews,/etc/commerce/products/we-retail/eq/eqwn/eqwnbc/jcr:content/reviews.social.json,,,,,,,,
aaron.mcdonald@mailinator.com,0,This is a great coat,Overall;4;,/content/we-retail/language-masters/en/products/equipment/skiing/blackcomb-snow/jcr:content/root/responsivegrid/reviews,we-retail/components/hbs/reviews,,,,
jason.werner@dodgit.com,0,"I agree, super gloves",Overall;3;,/content/we-retail/language-masters/en/products/equipment/skiing/blackcomb-snow/jcr:content/root/responsivegrid/reviews,we-retail/components/hbs/reviews,,,,
weston.mccall@dodgit.com,0,"Super product, +1!",Overall;3;,/content/we-retail/language-masters/en/products/equipment/skiing/blackcomb-snow/jcr:content/root/responsivegrid/reviews,we-retail/components/hbs/reviews,,,,